ID,特性,優先度,ルール0,ルール1,ルール2,ルール3,ルール4,ルール5,ルール6,ルール7,ルール8,ルール9,ルール10,ルール11,ルール12,ルール13,ルール14,ルール15
22,いかく,4,"69,70,71,72,157,158,159,160,162,249,250,275,327,419,446,447,452,453,454,615,616,617,721,1014,1021,1051,1065,1066","69,71,157,158,159,160,162,249,275,327,419,446,447,452,453,454,615,616,617,1051,1065,1066","69,71,157,158,159,160,162,249,275,327,419,446,447,452,453,454,615,616,617,1051,1065,1066","69,71,157,158,159,160,162,249,275,327,419,446,447,452,453,454,615,616,617,1051,1065,1066","249,250","247,248,278,627,628,821,822,823","24,25,69,71,162,275,303,327,446,447,452,453,454,1014","24,25,69,70,71,72,157,158,159,160,162,249,250,275,303,327,419,446,447,452,453,454,615,616,617,721,1014,1021,1051,1065,1066",,"24,25,69,70,71,72,157,158,159,160,162,249,250,275,303,327,419,446,447,452,453,454,615,616,617,721,1014,1021,1051,1065,1066","157,247,248,249,278,615,616,617,627,628,821,822,823","24,25,69,70,71,72,157,158,159,160,162,247,248,249,250,275,278,303,327,419,446,447,452,453,454,615,616,617,627,628,721,821,822,823,1014,1021,1051,1065,1066","24,25,69,70,71,72,157,158,159,160,162,247,248,249,250,275,278,303,327,419,446,447,452,453,454,615,616,617,627,628,721,821,822,823,1014,1021,1051,1065,1066",,"24,25,69,70,71,72,157,158,159,160,162,247,248,249,250,275,278,303,327,419,446,447,452,453,454,615,616,617,627,628,821,822,823,1014,1021,1051,1065,1066","71,617,1066"
172,かちき,4,"45,46,177,210,645,646,647,1063,1064","45,46,210,645,646,647,1063,1064","45,46,210,645,646,647,1063,1064","45,46,210,645,646,647,1063,1064",,760,393,"45,46,177,210,393,442,443,444,645,646,647,1063,1064",,"45,46,177,210,393,442,443,444,645,646,647,1063,1064","442,443,444,645,646,647,760","45,46,177,210,393,442,443,444,645,646,647,760,1063,1064","45,46,177,210,393,442,443,444,645,646,647,760,1063,1064",,"45,46,210,393,442,443,444,645,646,647,760,1063,1064",46
128,まけんき,4,"67,68,179,696,697,700,714,716,868,977,1105,1110,1147","67,68,696,697,700,868,977,1105,1110","67,68,696,697,700,868,977,1105,1110","67,68,696,697,700,868,977,1105,1110",,,"67,68,696,697,1105,1110,1147","67,68,179,696,697,700,714,716,868,977,1105,1110,1147",1105,"67,68,179,696,697,700,714,716,868,977,1105,1110,1147",700,"67,68,179,696,697,700,714,716,868,977,1105,1110,1147","67,68,179,696,697,700,714,716,868,977,1105,1110,1147",,"67,68,696,697,700,868,977,1105,1110","68,696,868,1105,1110"
34,ようりょくそ,3,"223,224,225,227,228,403,521,609,610,611,656,657,1074,1075","223,224,225,227,228,403,521,609,610,656,657,1074,1075","223,224,225,227,228,403,521,609,610,656,657,1074,1075","223,224,225,227,228,403,521,609,610,656,657,1074,1075",,"0,1,2,49,50,51,127,128,218,607,608","82,83,84,316,317,318,601,602,603,609,610","82,83,84,223,224,225,227,228,316,317,318,403,521,601,602,603,609,610,611,656,657,1074,1075",,"82,83,84,223,224,225,227,228,316,317,318,403,521,601,602,603,609,610,611,656,657,1074,1075","0,1,2,49,50,51,127,128,218,607,608,656,657","0,1,2,49,50,51,82,83,84,127,128,218,223,224,225,227,228,316,317,318,403,521,601,602,603,607,608,609,610,611,656,657,1074,1075","0,1,2,49,50,51,82,83,84,127,128,218,223,224,225,227,228,316,317,318,403,521,601,602,603,607,608,609,610,611,656,657,1074,1075",,"0,1,2,49,50,51,82,83,84,127,128,218,223,224,225,227,228,316,317,318,403,521,601,602,603,607,608,609,610,611,656,657,1074,1075",
146,すなかき,3,"844,1096","844,1096","844,1096","844,1096",,"590,591","29,31,844","29,31,844,1096",1096,"29,31,844,1096","29,31,590,591","29,31,590,591,844,1096","29,31,590,591,844,1096",,"29,31,590,591,844,1096",
70,ひでり,3,367,367,367,367,,,"41,43","41,43,367",,"41,43,367",367,"41,43,367","41,43,367,429",429,"41,43,367",367
117,ゆきふらし,3,"510,511","510,511","510,511","510,511",,,,"42,44,510,511",,"42,44,510,511","42,44,510,511","42,44,510,511","42,44,510,511",,"42,44,510,511",
33,すいすい,3,"65,66,161,249,250,326,416,469,470,507,508,685,939,940,952,953,1018,1019,1021","65,66,161,249,326,416,469,470,507,508,685,939,940,952,953","65,66,161,249,326,416,469,470,507,508,685,939,940,952,953","65,66,161,249,326,416,469,470,507,508,685,939,940,952,953","249,250","144,271","73,74,75,161,313,314,315,326,392,939,940,952,953,1018,1019","65,66,73,74,75,161,249,250,313,314,315,326,392,416,469,470,507,508,685,939,940,952,953,1018,1019,1021","1018,1019","65,66,73,74,75,161,249,250,313,314,315,326,392,416,469,470,507,508,685,939,940,952,953,1018,1019,1021","144,249,271,416,507,508,685","65,66,73,74,75,144,161,249,250,271,313,314,315,326,392,416,469,470,507,508,685,939,940,952,953,1018,1019,1021","65,66,73,74,75,144,161,249,250,271,313,314,315,326,392,416,469,470,507,508,685,939,940,952,953,1018,1019,1021",,"65,66,73,74,75,144,161,249,250,271,313,314,315,326,392,416,469,470,507,508,685,939,940,952,953,1018,1019,1021",
2,あめふらし,3,322,322,322,322,,,222,"222,322",,"222,322",,"222,322","222,322,428",428,"222,322",
45,すなおこし,3,"289,500,501","289,500,501","289,500,501","289,500,501",,,,"289,500,501",,"289,500,501",,"289,500,501","289,500,501",,"289,500,501",
132,フレンドガード,2,"45,210,491,745,746,747,1044,1045","45,210,491,745,746,747,1044,1045","45,210,491,745,746,747,1044,1045","45,210,491,745,746,747,1044,1045",,,"39,209,1044,1045","39,45,209,210,491,745,746,747,1044,1045",,"39,45,209,210,491,745,746,747,1044,1045",491,"39,45,209,210,491,745,746,747,1044,1045","39,45,209,210,491,745,746,747,1044,1045",,"39,45,209,210,491,745,746,747,1044,1045",
228,ミストメイカー,2,,,,,,,,138,,138,,138,138,,138,
158,いたずらごころ,2,"235,345,498,714,716,792,966,967,968,1067,1068","235,345,498,792,966,967,968,1067,1068","235,345,498,792,966,967,968,1067,1068","235,345,498,792,966,967,968,1067,1068",,"607,608,759","356,357,498,966,967,968","235,345,356,357,498,714,716,792,966,967,968,1067,1068",345,"235,345,356,357,498,714,716,792,966,967,968,1067,1068","607,608,759","235,345,356,357,498,607,608,714,716,759,792,966,967,968,1067,1068","235,345,356,357,498,607,608,714,716,759,792,966,967,968,1067,1068",,"235,345,356,357,498,607,608,759,792,966,967,968,1067,1068",792
229,グラスメイカー,2,"916,917,918",,,,,,,"916,917,918",,"916,917,918","916,917,918","916,917,918","916,917,918",,"916,917,918",
226,エレキメイカー,2,978,978,978,978,,,,978,,978,,978,978,,978,
227,サイコメイカー,2,"984,985","984,985","984,985","984,985",,,"984,985","984,985",,"984,985",,"984,985","984,985",,"984,985",
31,ひらいしん,1,"26,27,208,978","26,27,208,978","26,27,208,978","26,27,208,978",,"139,140,354,515,583,584","26,27,208","26,27,208,978",,"26,27,208,978","139,140,354,515,583,584","26,27,139,140,208,354,515,583,584,978","26,27,139,140,208,354,515,583,584,978",,"26,27,139,140,208,354,515,583,584,978",
109,てんねん,1,"231,232,1027,1028,1029,1101,1106","231,1027,1028,1029,1101,1106","231,1027,1028,1029,1101,1106","231,1027,1028,1029,1101,1106",,892,"40,232","40,231,232,1027,1028,1029,1101,1106",1029,"40,231,232,1027,1028,1029,1101,1106",,"40,231,232,1027,1028,1029,1101,1106","40,231,232,892,1027,1028,1029,1101,1106",892,"40,231,232,1027,1028,1029,1101,1106",
18,もらいび,1,"69,70,71,72,168,190,191,192,269,270,543,943,944,945,1058,1059,1060","69,71,168,269,270,943,944,945,1058,1059,1060","69,71,168,269,270,943,944,945,1058,1059,1060","69,71,168,269,270,943,944,945,1058,1059,1060",,,"41,43,69,71,269,270,678,679,680","41,43,69,70,71,72,168,190,191,192,269,270,543,678,679,680,943,944,945,1058,1059,1060","678,679,680,1060","41,43,69,70,71,72,168,190,191,192,269,270,543,678,679,680,943,944,945,1058,1059,1060","190,191,192","41,43,69,70,71,72,168,190,191,192,269,270,543,678,679,680,943,944,945,1058,1059,1060","41,43,69,70,71,72,168,190,191,192,269,270,543,678,679,680,943,944,945,1058,1059,1060",,"41,43,69,70,71,72,168,190,191,192,269,270,678,679,680,943,944,945,1058,1059,1060","71,270,945,1059"
13,ノーてんき,1,"65,66,376,377","65,66,376,377","65,66,376,377","65,66,376,377",,,,"65,66,376,377",,"65,66,376,377","376,377","65,66,376,377","65,66,376,377",,"65,66,376,377",
26,ふゆう,1,"115,116,238,480,487,488,530,531,532,533,534,535,536,537,538,547,673,674,675,686,708","115,116,238,480,487,488,530,531,532,533,534,535,673,674,675,686,708","115,116,238,480,487,488,530,531,532,533,534,535,673,674,675,686,708","115,116,238,480,487,488,530,531,532,533,534,535,673,674,675,686,708",,"372,373,426,427","115,116,136,137,401,404,484,487,488,673,674,675,834","115,116,136,137,138,238,401,404,480,484,487,488,530,531,532,533,534,535,536,537,538,547,673,674,675,686,708,834","115,116,238,530","115,116,136,137,138,238,401,404,480,484,487,488,530,531,532,533,534,535,536,537,538,547,673,674,675,686,708,834","372,373,530,531,532,533,534,535,673,674,675","115,116,136,137,138,238,372,373,401,404,426,427,480,484,487,488,530,531,532,533,534,535,536,537,538,547,673,674,675,686,708,834","115,116,136,137,138,238,372,373,401,404,426,427,480,484,487,488,530,531,532,533,534,535,536,537,538,546,547,673,674,675,686,708,834",546,"115,116,136,137,138,238,372,373,401,404,480,484,487,488,530,531,532,533,534,535,673,674,675,686,708,834",
39,せいしんりょく,1,"119,120,184,234,241,254,255,407,408,498,499,696,697,851,852,867,984,1003,1105","119,120,184,234,241,254,407,408,498,499,696,697,851,852,867,984,1105","119,120,184,234,241,254,407,408,498,499,696,697,851,852,867,984,1105","119,120,184,234,241,254,407,408,498,499,696,697,851,852,867,984,1105",,"134,284,285,286","254,407,408,498,499,691,692,696,697,851,852,984,1105","119,120,184,234,241,254,255,407,408,498,499,691,692,696,697,851,852,867,984,1003,1105",1105,"119,120,184,234,241,254,255,407,408,498,499,691,692,696,697,851,852,867,984,1003,1105","134,241","119,120,134,184,234,241,254,255,284,285,286,407,408,498,499,691,692,696,697,851,852,867,984,1003,1105","119,120,134,184,234,241,254,255,284,285,286,407,408,498,499,691,692,696,697,851,852,867,984,1003,1105",,"119,120,134,184,234,241,254,255,407,408,498,499,691,692,696,697,851,852,867,984,1105","499,696,1105"
256,かがくへんかガス,1,,,,,,,"136,137","136,137,138",,"136,137,138",,"136,137,138","136,137,138",,"136,137,138",
62,こんじょう,1,"168,253,257,287,339,340,452,453,454,1016,1051","168,253,257,287,339,340,452,453,454,1051","168,253,257,287,339,340,452,453,454,1051","168,253,257,287,339,340,452,453,454,1051",,277,"253,452,453,454,593,594,595","168,253,257,287,339,340,452,453,454,593,594,595,1016,1051",,"168,253,257,287,339,340,452,453,454,593,594,595,1016,1051",277,"168,253,257,277,287,339,340,452,453,454,593,594,595,1016,1051","168,253,257,277,287,339,340,452,453,454,593,594,595,1016,1051",,"168,253,257,277,287,339,340,452,453,454,593,594,595,1016,1051",
104,かたやぶり,1,"613,614,681,682,683,784,1018,1019,1080,1081,1082,1100,1100,1149","613,681,682,683,784,1080,1081,1082,1100,1100","613,681,682,683,784,1080,1081,1082,1100,1100","613,681,682,683,784,1080,1081,1082,1100,1100",,"457,458,590,591","613,614,1018,1019,1149","613,614,681,682,683,784,1018,1019,1080,1081,1082,1100,1100,1149","1018,1019","613,614,681,682,683,784,1018,1019,1080,1081,1082,1100,1100,1149","457,458,590,591,681,682,683","457,458,590,591,613,614,681,682,683,784,1018,1019,1080,1081,1082,1100,1100,1149","457,458,590,591,613,614,681,682,683,784,1018,1019,1080,1081,1082,1100,1100,1149",,"457,458,590,591,613,614,681,682,683,784,1018,1019,1080,1081,1082,1100,1100",
114,よびみず,1,"473,474,507,508,1102,1103,1104","473,474,507,508,1102,1103,1104","473,474,507,508,1102,1103,1104","473,474,507,508,1102,1103,1104",,,,"473,474,507,508,1102,1103,1104",,"473,474,507,508,1102,1103,1104","507,508","473,474,507,508,1102,1103,1104","473,474,507,508,1102,1103,1104",,"473,474,507,508,1102,1103,1104",
23,かげふみ,1,"645,646,647","645,646,647","645,646,647","645,646,647",,,,"645,646,647",,"645,646,647","645,646,647","645,646,647","645,646,647",,"645,646,647",
65,しんりょく,0,"730,731,732,817,818,819,820,916,917,918,1024,1025,1026","1024,1025,1026","1024,1025,1026","1024,1025,1026",,"0,1,2,187,188,189,293,294,295,555,556,557",,"436,437,438,730,731,732,817,818,819,820,916,917,918,1024,1025,1026",819,"436,437,438,730,731,732,817,818,819,820,916,917,918,1024,1025,1026","0,1,2,187,188,189,293,294,295,436,437,438,555,556,557,730,731,732,817,818,819,916,917,918","0,1,2,187,188,189,293,294,295,436,437,438,555,556,557,730,731,732,817,818,819,820,916,917,918,1024,1025,1026","0,1,2,187,188,189,293,294,295,436,437,438,555,556,557,730,731,732,817,818,819,820,916,917,918,1024,1025,1026",,"0,1,2,187,188,189,293,294,295,436,437,438,555,556,557,730,731,732,817,818,819,820,916,917,918,1024,1025,1026",
66,もうか,0,"3,4,5,190,191,192,193,733,734,735,919,920,921,1027,1028,1029","1027,1028,1029","1027,1028,1029","1027,1028,1029",,"296,297,298,558,559,560,821,822,823",,"3,4,5,190,191,192,193,439,440,441,733,734,735,919,920,921,1027,1028,1029","193,1029","3,4,5,190,191,192,193,439,440,441,733,734,735,919,920,921,1027,1028,1029","3,4,5,190,191,192,296,297,298,439,440,441,558,559,560,733,734,735,821,822,823,919,920,921","3,4,5,190,191,192,193,296,297,298,439,440,441,558,559,560,733,734,735,821,822,823,919,920,921,1027,1028,1029","3,4,5,190,191,192,193,296,297,298,439,440,441,558,559,560,733,734,735,821,822,823,919,920,921,1027,1028,1029",,"3,4,5,190,191,192,193,296,297,298,439,440,441,558,559,560,733,734,735,821,822,823,919,920,921,1027,1028,1029",
94,サンパワー,0,"3,4,5,227,228,403","227,228,403","227,228,403","227,228,403",,,,"3,4,5,227,228,403",,"3,4,5,227,228,403","3,4,5","3,4,5,227,228,403","3,4,5,227,228,403",,"3,4,5,227,228,403",
67,げきりゅう,0,"561,562,563,564,736,737,738,922,923,924,1030,1031,1032","1030,1031,1032","1030,1031,1032","1030,1031,1032",,"6,7,8,194,195,196,299,300,301,824,825,826",,"442,443,444,561,562,563,564,736,737,738,922,923,924,1030,1031,1032",,"442,443,444,561,562,563,564,736,737,738,922,923,924,1030,1031,1032","6,7,8,194,195,196,299,300,301,442,443,444,561,562,563,736,737,738,824,825,826,922,923,924","6,7,8,194,195,196,299,300,301,442,443,444,561,562,563,564,736,737,738,824,825,826,922,923,924,1030,1031,1032","6,7,8,194,195,196,299,300,301,442,443,444,561,562,563,564,736,737,738,824,825,826,922,923,924,1030,1031,1032",,"6,7,8,194,195,196,299,300,301,442,443,444,561,562,563,564,736,737,738,824,825,826,922,923,924,1030,1031,1032",
44,あめうけざら,0,"321,322,326","321,322,326","321,322,326","321,322,326",,"6,7,8,85,86","313,314,315,326","313,314,315,321,322,326",,"313,314,315,321,322,326","6,7,8,85,86","6,7,8,85,86,313,314,315,321,322,326","6,7,8,85,86,313,314,315,321,322,326",,"6,7,8,85,86,313,314,315,321,322,326",
61,だっぴ,0,"182,183,288,379,450,746,949,950,1076,1091,1091","182,183,288,379,450,746,949,950,1076,1091,1091","182,183,288,379,450,746,949,950,1076,1091,1091","182,183,288,379,450,746,949,950,1076,1091,1091",,"627,628","24,25,450","24,25,182,183,288,379,450,746,949,950,1076,1091,1091",,"24,25,182,183,288,379,450,746,949,950,1076,1091,1091","379,627,628,1076","24,25,182,183,288,379,450,627,628,746,949,950,1076,1091,1091","24,25,182,183,288,379,450,627,628,746,949,950,1076,1091,1091",,"24,25,182,183,288,379,450,627,628,746,949,950,1076,1091,1091",
127,きんちょうかん,0,"60,62,63,257,269,270,289,327,467,681,682,683,748,749,927,928,929,1016","60,63,257,269,270,289,327,467,681,682,683,748,749,927,928,929","60,63,257,269,270,289,327,467,681,682,683,748,749,927,928,929","60,63,257,269,270,289,327,467,681,682,683,748,749,927,928,929",,"666,667","24,25,269,270,327","24,25,60,62,63,257,269,270,289,327,467,681,682,683,748,749,927,928,929,1016",,"24,25,60,62,63,257,269,270,289,327,467,681,682,683,748,749,927,928,929,1016","666,667,681,682,683,748,749","24,25,60,62,63,257,269,270,289,327,467,666,667,681,682,683,748,749,927,928,929,1016","24,25,60,62,63,185,257,269,270,289,327,467,666,667,681,682,683,748,749,927,928,929,1011,1016","185,1011","24,25,60,62,63,257,269,270,289,327,467,666,667,681,682,683,748,749,927,928,929,1016",270
9,せいでんき,0,"26,27,123,124,125,126,178,208,215,216,217,954,1040,1061,1062","26,27,123,125,208,215,216,217,954,1040,1061,1062","26,27,123,125,208,215,216,217,954,1040,1061,1062","26,27,123,125,208,215,216,217,954,1040,1061,1062","124,126","154,280","26,27,208","26,27,123,124,125,126,178,208,215,216,217,954,1040,1061,1062",,"26,27,123,124,125,126,178,208,215,216,217,954,1040,1061,1062","154,280","26,27,123,124,125,126,154,178,208,215,216,217,280,954,1040,1061,1062","26,27,123,124,125,126,154,178,208,215,216,217,280,954,1040,1061,1062",,"26,27,123,124,125,126,154,208,215,216,217,280,954,1040,1061,1062",
207,サーフテール,0,28,,,,,,,28,,28,,28,28,,28,
8,すながくれ,0,"56,57,58,59,272,273,287,374,375,494,495,496,871,872,949,950,1083,1084,1092","56,58,272,273,287,374,375,494,495,496,871,872,949,950,1083,1084,1092","56,58,272,273,287,374,375,494,495,496,871,872,949,950,1083,1084,1092","56,58,272,273,287,374,375,494,495,496,871,872,949,950,1083,1084,1092",,,"29,31,87,89,91,245,494,495,496,523,1092","29,31,56,57,58,59,87,89,91,245,272,273,287,374,375,494,495,496,523,871,872,949,950,1083,1084,1092","871,872","29,31,56,57,58,59,87,89,91,245,272,273,287,374,375,494,495,496,523,871,872,949,950,1083,1084,1092","29,31,57,59","29,31,56,57,58,59,87,89,91,245,272,273,287,374,375,494,495,496,523,871,872,949,950,1083,1084,1092","29,31,56,57,58,59,87,89,91,245,272,273,287,374,375,494,495,496,523,871,872,949,950,1083,1084,1092",,"29,31,56,57,58,59,87,89,91,245,272,273,287,374,375,494,495,496,523,871,872,949,950,1083,1084,1092",375
81,ゆきがくれ,0,"176,522,529,684,685,1098","522,529,684,685,1098","522,529,684,685,1098","522,529,684,685,1098",,,"260,261,524,529","30,32,42,44,176,260,261,522,524,529,684,685,1098",529,"30,32,42,44,176,260,261,522,524,529,684,685,1098","42,44,684,685","30,32,42,44,176,260,261,522,524,529,684,685,1098","30,32,42,44,176,260,261,522,524,529,684,685,1098",,"30,32,42,44,260,261,522,524,529,684,685,1098",
202,ゆきかき,0,"684,685,1099","684,685,1099","684,685,1099","684,685,1099",,,,"30,32,684,685,1099",,"30,32,684,685,1099","684,685","30,32,684,685,1099","30,32,684,685,1099",,"30,32,684,685,1099",
56,メロメロボディ,0,"45,46,210,783,1022","45,46,210,783","45,46,210,783","45,46,210,783",,"643,644","39,40,209,393","39,40,45,46,209,210,393,783,1022",,"39,40,45,46,209,210,393,783,1022","643,644","39,40,45,46,209,210,393,643,644,783,1022","39,40,45,46,209,210,393,643,644,783,1022",,"39,40,45,46,209,210,393,643,644,783",46
98,マジックガード,0,,,,,,"648,649,650","39,40,209","39,40,209",,"39,40,209","648,649,650","39,40,209,648,649,650","39,40,209,648,649,650",,"39,40,209,648,649,650",
119,おみとおし,0,"46,193,275,399,400,645,646,647,806,807,966,967,968,1014,1078,1079,1145","46,275,399,400,645,646,647,806,807,966,967,968,1078,1079","46,275,399,400,645,646,647,806,807,966,967,968,1078,1079","46,275,399,400,645,646,647,806,807,966,967,968,1078,1079",,129,"197,198,229,275,401,402,520,528,793,794,806,807,966,967,968,1014,1145","46,193,197,198,229,275,399,400,401,402,520,528,645,646,647,793,794,806,807,966,967,968,1014,1078,1079,1145","193,528,793,794","46,193,197,198,229,275,399,400,401,402,520,528,645,646,647,793,794,806,807,966,967,968,1014,1078,1079,1145","129,645,646,647","46,129,193,197,198,229,275,399,400,401,402,520,528,645,646,647,793,794,806,807,966,967,968,1014,1078,1079,1145","46,129,193,197,198,229,275,399,400,401,402,520,528,645,646,647,793,794,806,807,966,967,968,1014,1078,1079,1145",,"46,129,193,197,198,229,275,399,400,401,402,520,528,645,646,647,793,794,806,807,966,967,968,1014,1078,1079",46
50,にげあし,0,"54,165,244,450,468,1043,1065,1108,1126","54,165,244,450,468,1043,1065,1108","54,165,244,450,468,1043,1065,1108","54,165,244,450,468,1043,1065,1108",,"49,105,106,247","197,198,226,244,302,450,468,1043,1108","54,165,197,198,226,244,302,450,468,1043,1065,1108,1126",1126,"54,165,197,198,226,244,302,450,468,1043,1065,1108,1126","49,54,105,106,247","49,54,105,106,165,197,198,226,244,247,302,450,468,1043,1065,1108,1126","49,54,105,106,165,197,198,226,244,247,302,450,468,1043,1065,1108,1126",,"49,54,105,106,165,197,198,226,244,247,302,450,468,1043,1065,1108,1126",
1,あくしゅう,0,"109,111,485,486","109,111,485,486","109,111,485,486","109,111,485,486",,50,"136,137","109,111,136,137,485,486",,"109,111,136,137,485,486",50,"50,109,111,136,137,485,486","50,109,111,136,137,485,486",,"50,109,111,136,137,485,486","111,486"
27,ほうし,0,"328,329,661,662","328,329,661,662","328,329,661,662","328,329,661,662",,51,,"328,329,661,662",,"328,329,661,662",51,"51,328,329,661,662","51,328,329,661,662",,"51,328,329,661,662",
14,ふくがん,0,"54,745,747,1076,1076","54,745,747,1076,1076","54,745,747,1076,1076","54,745,747,1076,1076",,"666,667",229,"54,229,745,747,1076,1076",,"54,229,745,747,1076,1076","54,666,667,1076,1076","54,229,666,667,745,747,1076,1076","54,229,666,667,745,747,1076,1076",,"54,229,666,667,745,747,1076,1076",
110,いろめがね,0,"54,55,701,1038,1039","54,55,1038,1039","54,55,1038,1039","54,55,1038,1039",,,"199,200,357,520","54,55,199,200,357,520,701,1038,1039",,"54,55,199,200,357,520,701,1038,1039","54,55","54,55,199,200,357,520,701,1038,1039","54,55,199,200,357,520,701,1038,1039",,"54,55,199,200,357,520,701,1038,1039",
19,りんぷん,0,"55,745,747,979,980","55,745,747,979,980","55,745,747,979,980","55,745,747,979,980",,,"841,842","55,745,747,841,842,979,980",,"55,745,747,841,842,979,980",55,"55,745,747,841,842,979,980","55,745,747,841,842,979,980",,"55,745,747,841,842,979,980",
147,ミラクルスキン,0,"55,882","55,882","55,882","55,882",,,,"55,882",,"55,882","55,882","55,882","55,882",,"55,882",
71,ありじごく,0,"56,58","56,58","56,58","56,58",,371,,"56,58",,"56,58",371,"56,58,371","56,58,371",,"56,58,371",
159,すなのちから,0,"56,57,58,59,473,474,500,501,720","56,58,473,474,500,501","56,58,473,474,500,501","56,58,473,474,500,501",,"590,591","342,527","56,57,58,59,342,473,474,500,501,527,720",,"56,57,58,59,342,473,474,500,501,527,720","57,59,590,591","56,57,58,59,342,473,474,500,501,527,590,591,720","56,57,58,59,342,473,474,500,501,527,590,591,720",,"56,57,58,59,342,473,474,500,501,527,590,591",
221,カーリーヘアー,0,"57,59",,,,,,,"57,59",,"57,59","57,59","57,59","57,59",,"57,59",
53,ものひろい,0,"60,61,62,256,272,468,785,1043,1095,1095","60,256,272,468,785,1043,1095,1095","60,256,272,468,785,1043,1095,1095","60,256,272,468,785,1043,1095,1095",,"827,828","226,468,475,497,1043","60,61,62,226,256,272,468,475,497,785,1043,1095,1095","1095,1095","60,61,62,226,256,272,468,475,497,785,1043,1095,1095","827,828","60,61,62,226,256,272,468,475,497,785,827,828,1043,1095,1095","60,61,62,226,256,272,468,475,497,785,827,828,1043,1095,1095",,"60,61,62,226,256,272,468,475,497,785,827,828,1043,1095,1095",
101,テクニシャン,0,"60,61,63,64,152,251,329,451,955,956,1044,1045,1146","60,63,152,251,329,451,955,956,1044,1045","60,63,152,251,329,451,955,956,1044,1045","60,63,152,251,329,451,955,956,1044,1045",,"276,278,643,644","451,475,1044,1045,1146","60,61,63,64,152,251,329,451,475,955,956,1044,1045,1146",,"60,61,63,64,152,251,329,451,475,955,956,1044,1045,1146","152,251,276,278,643,644","60,61,63,64,152,251,276,278,329,451,475,643,644,955,956,1044,1045,1146","60,61,63,64,152,251,276,278,329,451,475,643,644,955,956,1044,1045,1146",,"60,61,63,64,152,251,276,278,329,451,475,643,644,955,956,1044,1045",
155,びびり,0,"61,64,161,221,244,489,614,684,954,1083,1084,1108,1127","161,221,244,489,684,954,1083,1084,1108,1127","161,221,244,489,684,954,1083,1084,1108,1127","161,221,244,489,684,954,1083,1084,1108,1127",,"247,248","161,221,244,302,489,614,1108","61,64,161,221,244,302,489,614,684,954,1083,1084,1108,1127",1127,"61,64,161,221,244,302,489,614,684,954,1083,1084,1108,1127","247,248,684","61,64,161,221,244,247,248,302,489,614,684,954,1083,1084,1108,1127","61,64,161,221,244,247,248,302,489,614,684,954,1083,1084,1108,1127",,"61,64,161,221,244,247,248,302,489,614,684,954,1083,1084,1108,1127",
181,かたいツメ,0,"62,846,970",846,846,846,,,846,"62,846,970",,"62,846,970",,"62,846,970","62,846,970",,"62,846,970",
7,じゅうなん,0,"63,164,784,849,850","63,164,784,849,850","63,164,784,849,850","63,164,784,849,850",,133,,"63,164,784,849,850",,"63,164,784,849,850",133,"63,133,164,784,849,850","63,133,164,784,849,850",,"63,133,164,784,849,850",850
169,ファーコート,0,64,,,,,,,64,,64,,64,64,,64,
6,しめりけ,0,"65,66,231,232,1061,1062","65,66,231,1061,1062","65,66,231,1061,1062","65,66,231,1061,1062",,"144,145,271,299,300,301","73,74,75,222,232","65,66,73,74,75,222,231,232,1061,1062",,"65,66,73,74,75,222,231,232,1061,1062","144,145,271,299,300,301","65,66,73,74,75,144,145,222,231,232,271,299,300,301,1061,1062","65,66,73,74,75,144,145,222,231,232,271,299,300,301,1061,1062",,"65,66,73,74,75,144,145,222,231,232,271,299,300,301,1061,1062",
72,やるき,0,"67,68,266,331,843,845,1105","67,68,266,331,843,845,1105","67,68,266,331,843,845,1105","67,68,266,331,843,845,1105",,"154,155,277,280,281,517,518","67,68,843,845,1105","67,68,266,331,843,845,1105",1105,"67,68,266,331,843,845,1105","154,155,277,280,281,331,517,518","67,68,154,155,266,277,280,281,331,517,518,843,845,1105","67,68,154,155,266,277,280,281,331,517,518,843,845,1105",,"67,68,154,155,266,277,280,281,331,517,518,843,845,1105","68,1105"
83,いかりのつぼ,0,"67,68,157,158,159,160,366,615,616,617,835,836","67,68,157,158,159,160,366,615,616,617,835,836","67,68,157,158,159,160,366,615,616,617,835,836","67,68,157,158,159,160,366,615,616,617,835,836",,,"67,68","67,68,157,158,159,160,366,615,616,617,835,836",,"67,68,157,158,159,160,366,615,616,617,835,836","157,366,615,616,617,835,836","67,68,157,158,159,160,366,615,616,617,835,836","67,68,157,158,159,160,366,615,616,617,835,836",,"67,68,157,158,159,160,366,615,616,617,835,836","68,617"
154,せいぎのこころ,0,"69,71,499,526","69,71,499,526","69,71,499,526","69,71,499,526",,"711,712,713,725","69,71,499,526","69,71,499,526",,"69,71,499,526",,"69,71,499,526,711,712,713","69,71,499,526,711,712,713",,"69,71,499,526,711,712,713","71,499"
69,いしあたま,0,"70,72,221,417,418,489","221,417,418,489","221,417,418,489","221,417,418,489",,"139,140","87,89,91,221,489","70,72,87,89,91,221,417,418,489",,"70,72,87,89,91,221,417,418,489","139,140","70,72,87,89,91,139,140,221,417,418,489","70,72,87,89,91,139,140,221,417,418,489",,"70,72,87,89,91,139,140,221,417,418,489",
11,ちょすい,0,"166,231,232,374,375,1106,1148","166,231,374,375,1106","166,231,374,375,1106","166,231,374,375,1106",,"163,206,207,853,854","73,74,75,222,232,1148","73,74,75,166,222,231,232,374,375,1106,1148",,"73,74,75,166,222,231,232,374,375,1106,1148","163,206,207,853,854","73,74,75,163,166,206,207,222,231,232,374,375,853,854,1106,1148","73,74,75,163,166,206,207,222,231,232,374,375,853,854,1106,1148",,"73,74,75,163,166,206,207,222,231,232,374,375,853,854,1106",375
82,くいしんぼう,0,"98,110,112,359,360,368,369,925,926,946,947,948,1033,1034,1035,1141","359,360,368,369,925,926,946,947,948,1033,1034,1035","359,360,368,369,925,926,946,947,948,1033,1034,1035","359,360,368,369,925,926,946,947,948,1033,1034,1035",,,"82,83,84,175,368,369,497,925,926,946,947,948,1141","82,83,84,98,110,112,175,359,360,368,369,497,925,926,946,947,948,1033,1034,1035,1141",,"82,83,84,98,110,112,175,359,360,368,369,497,925,926,946,947,948,1033,1034,1035,1141","98,110,112","82,83,84,98,110,112,175,359,360,368,369,497,925,926,946,947,948,1033,1034,1035,1141","82,83,84,98,110,112,175,359,360,368,369,497,925,926,946,947,948,1033,1034,1035,1141",,"82,83,84,98,110,112,175,359,360,368,369,497,925,926,946,947,948,1033,1034,1035,1141",
29,クリアボディ,0,"786,994,995,996,1055,1056,1057","994,995,996,1055,1056,1057","994,995,996,1055,1056,1057","994,995,996,1055,1056,1057",,"85,86,420,421,422",786,"786,994,995,996,1055,1056,1057","994,995,996","786,994,995,996,1055,1056,1057","85,86,420,421,422","85,86,420,421,422,423,424,425,786,994,995,996,1055,1056,1057","85,86,420,421,422,423,424,425,786,994,995,996,1055,1056,1057",,"85,86,420,421,422,786,994,995,996,1055,1056,1057",
64,ヘドロえき,0,"359,360","359,360","359,360","359,360",,"85,86",,"359,360",,"359,360","85,86","85,86,359,360","85,86,359,360",,"85,86,359,360",
5,がんじょう,0,"101,102,221,242,243,273,489,513,786,803,804,805,1055,1056,1057,1150","101,102,221,242,243,273,489,513,803,804,1055,1056,1057","101,102,221,242,243,273,489,513,803,804,1055,1056,1057","101,102,221,242,243,273,489,513,803,804,1055,1056,1057",,"268,459,460,893,1151","87,89,91,221,342,489,527,786,1150","87,88,89,90,91,92,101,102,221,242,243,273,342,489,513,527,786,803,804,805,1055,1056,1057,1150",,"87,88,89,90,91,92,101,102,221,242,243,273,342,489,513,527,786,803,804,805,1055,1056,1057,1150","88,90,92,101,102,268,459,460,513,1151","87,88,89,90,91,92,101,102,221,242,243,268,273,342,423,459,460,489,513,527,786,803,804,805,1055,1056,1057,1150,1151","87,88,89,90,91,92,101,102,221,242,243,268,273,342,423,459,460,489,513,527,786,803,804,805,893,1055,1056,1057,1150,1151",893,"87,88,89,90,91,92,101,102,221,242,243,268,273,342,459,460,489,513,527,786,803,804,805,1055,1056,1057,1151",
42,じりょく,0,"101,102,513","101,102,513","101,102,513","101,102,513",,,"342,527","88,90,92,101,102,342,513,527",,"88,90,92,101,102,342,513,527","88,90,92,101,102,513","88,90,92,101,102,342,513,527","88,90,92,101,102,342,513,527",,"88,90,92,101,102,342,513,527",
206,エレキスキン,0,,,,,,,,"88,90,92",,"88,90,92","88,90,92","88,90,92","88,90,92",,"88,90,92",
12,どんかん,0,"97,99,236,365,382,383,859,860,863,864,1101","97,99,236,365,382,383,859,860,863,864,1101","97,99,236,365,382,383,859,860,863,864,1101","97,99,236,365,382,383,859,860,863,864,1101",,,"260,261,357,382,383,392,524,859,860","97,99,236,260,261,357,365,382,383,392,524,859,860,863,864,1101",,"97,99,236,260,261,357,365,382,383,392,524,859,860,863,864,1101","236,365","97,99,236,260,261,357,365,382,383,392,524,859,860,863,864,1101","97,99,236,260,261,357,365,382,383,392,524,859,860,863,864,1101",,"97,99,236,260,261,357,365,382,383,392,524,859,860,863,864,1101",
20,マイペース,0,"97,98,99,100,236,237,365,368,369,609,610,803,804,851,852,985,1043,1046,1046,1061,1080,1081,1082","97,99,236,365,368,369,609,610,803,804,851,852,985,1043,1046,1046,1061,1080,1081,1082","97,99,236,365,368,369,609,610,803,804,851,852,985,1043,1046,1046,1061,1080,1081,1082","97,99,236,365,368,369,609,610,803,804,851,852,985,1043,1046,1046,1061,1080,1081,1082",,"276,758","313,314,315,368,369,609,610,851,852,985,1043","97,98,99,100,236,237,313,314,315,365,368,369,609,610,803,804,851,852,985,1043,1046,1046,1061,1080,1081,1082",,"97,98,99,100,236,237,313,314,315,365,368,369,609,610,803,804,851,852,985,1043,1046,1046,1061,1080,1081,1082","98,100,236,276,365,758","97,98,99,100,236,237,276,313,314,315,365,368,369,609,610,758,803,804,851,852,985,1043,1046,1046,1061,1080,1081,1082","97,98,99,100,236,237,276,313,314,315,365,368,369,609,610,758,803,804,851,852,985,1043,1046,1046,1061,1080,1081,1082",,"97,98,99,100,236,237,276,313,314,315,365,368,369,609,610,758,803,804,851,852,985,1043,1046,1046,1061,1080,1081,1082",
144,さいせいりょく,0,"97,98,99,100,236,237,661,662,665,715,849,850,1073,1091","97,99,236,661,662,665,849,850,1073,1091","97,99,236,661,662,665,849,850,1073,1091","97,99,236,661,662,665,849,850,1073,1091",,"291,648,649,650,1152","691,692","97,98,99,100,236,237,661,662,665,691,692,715,849,850,1073,1091",,"97,98,99,100,236,237,661,662,665,691,692,715,849,850,1073,1091","98,100,236,648,649,650,665,1152","97,98,99,100,236,237,648,649,650,661,662,665,691,692,715,849,850,1073,1091,1152","97,98,99,100,236,237,291,648,649,650,661,662,665,691,692,715,849,850,1073,1091,1152",291,"97,98,99,100,236,237,648,649,650,661,662,665,691,692,849,850,1073,1091,1152",850
259,クイックドロウ,0,100,,,,,,,100,,100,100,100,100,,100,
148,アナライズ,0,"101,102,513","101,102,513","101,102,513","101,102,513",,"169,274,525",,"101,102,513",,"101,102,513","101,102,169,274,513,525","101,102,169,274,513,525","101,102,169,274,513,525",,"101,102,169,274,513,525",
48,はやおき,0,"227,228,241,269,270,1048,1048,1049,1049","227,228,241,269,270,1048,1048,1049,1049","227,228,241,269,270,1048,1048,1049,1049","227,228,241,269,270,1048,1048,1049,1049",,"105,106","269,270","227,228,241,269,270,1048,1048,1049,1049",,"227,228,241,269,270,1048,1048,1049,1049","105,106,241","105,106,227,228,241,269,270,1048,1048,1049,1049","105,106,227,228,241,269,270,1048,1048,1049,1049",,"105,106,227,228,241,269,270,1048,1048,1049,1049",270
77,ちどりあし,0,1097,1097,1097,1097,,"105,106",,1097,,1097,"105,106","105,106,1097","105,106,1097",,"105,106,1097",
47,あついしぼう,0,"219,220,339,340,341,368,369,948,1033,1034,1035,1098,1099","219,220,339,340,341,368,369,948,1033,1034,1035,1098,1099","219,220,339,340,341,368,369,948,1033,1034,1035,1098,1099","219,220,339,340,341,368,369,948,1033,1034,1035,1098,1099",,"107,108,558,559","175,260,261,368,369,497,524,948","175,219,220,260,261,339,340,341,368,369,497,524,948,1033,1034,1035,1098,1099",,"175,219,220,260,261,339,340,341,368,369,497,524,948,1033,1034,1035,1098,1099","107,108,558,559","107,108,175,219,220,260,261,339,340,341,368,369,497,524,558,559,948,1033,1034,1035,1098,1099","107,108,175,219,220,260,261,339,340,341,368,369,497,524,558,559,948,1033,1034,1035,1098,1099",,"107,108,175,219,220,260,261,339,340,341,368,369,497,524,558,559,948,1033,1034,1035,1098,1099",220
93,うるおいボディ,0,"166,321,382,383,416,665,787,788,790","166,321,382,383,416,665,787,788,790","166,321,382,383,416,665,787,788,790","166,321,382,383,416,665,787,788,790",,"107,108,163","382,383,651,652,787,788,790","166,321,382,383,416,651,652,665,787,788,790",,"166,321,382,383,416,651,652,665,787,788,790","107,108,163,416,665","107,108,163,166,321,382,383,416,651,652,665,787,788,790","107,108,163,166,321,382,383,416,651,652,665,787,788,790",,"107,108,163,166,321,382,383,416,651,652,665,787,788,790",
115,アイスボディ,0,"407,408,522,803,804,805,1123,1124,1125","407,408,522,803,804,1123,1124,1125","407,408,522,803,804,1123,1124,1125","407,408,522,803,804,1123,1124,1125",,"107,108","407,408","407,408,522,803,804,805,1123,1124,1125",,"407,408,522,803,804,805,1123,1124,1125","107,108","107,108,407,408,424,522,803,804,805,1123,1124,1125","107,108,407,408,424,522,803,804,805,1123,1124,1125",,"107,108,407,408,522,803,804,805,1123,1124,1125",
60,ねんちゃく,0,"109,111,359,360,473,474,1141","109,111,359,360,473,474","109,111,359,360,473,474","109,111,359,360,473,474",,1152,1141,"109,111,359,360,473,474,1141",,"109,111,359,360,473,474,1141",1152,"109,111,359,360,473,474,1141,1152","109,111,359,360,473,474,1141,1152",,"109,111,359,360,473,474,1141,1152",111
143,どくしゅ,0,"109,110,111,112,504,505,773,774,1020,1068","109,111,504,505,773,774,1068","109,111,504,505,773,774,1068","109,111,504,505,773,774,1068",,,,"109,110,111,112,504,505,773,774,1020,1068",,"109,110,111,112,504,505,773,774,1020,1068","110,112","109,110,111,112,504,505,773,774,1020,1068","109,110,111,112,504,505,773,774,1020,1068",,"109,110,111,112,504,505,773,774,1020,1068","111,505,774"
223,かがくのちから,0,"110,112",,,,,,,"110,112",,"110,112","110,112","110,112","110,112",,"110,112",
75,シェルアーマー,0,"113,114,367,561,562,563,789,791,939,940,1073","113,114,367,939,940,1073","113,114,367,939,940,1073","113,114,367,939,940,1073",,163,"384,385,939,940","113,114,367,384,385,436,437,438,561,562,563,789,791,939,940,1073",,"113,114,367,384,385,436,437,438,561,562,563,789,791,939,940,1073","163,367,436,437,438,561,562,563","113,114,163,367,384,385,436,437,438,561,562,563,789,791,939,940,1073","113,114,163,367,384,385,436,437,438,561,562,563,789,791,939,940,1073",,"113,114,163,367,384,385,436,437,438,561,562,563,789,791,939,940,1073",367
92,スキルリンク,0,"113,114","113,114","113,114","113,114",,"643,644,827,828,829","226,475","113,114,226,475",,"113,114,226,475","643,644,827,828,829","113,114,226,475,643,644,827,828,829","113,114,226,475,643,644,827,828,829",,"113,114,226,475,643,644,827,828,829",
142,ぼうじん,0,"113,114,242,243,418,1023,1089,1090","113,114,242,243,418,1089,1090","113,114,242,243,418,1089,1090","113,114,242,243,418,1089,1090",,"648,649,650","601,602,603,702,703,885,886,887","113,114,242,243,418,601,602,603,702,703,885,886,887,1023,1089,1090",,"113,114,242,243,418,601,602,603,702,703,885,886,887,1023,1089,1090","648,649,650,702,703","113,114,242,243,418,601,602,603,648,649,650,702,703,885,886,887,1023,1089,1090","113,114,242,243,418,601,602,603,648,649,650,702,703,885,886,887,1023,1089,1090",,"113,114,242,243,418,601,602,603,648,649,650,702,703,885,886,887,1089,1090",1090
130,のろわれボディ,0,"117,399,400,529,961,962,994,995,996","117,399,400,529,961,962,994,995,996","117,399,400,529,961,962,994,995,996","117,399,400,529,961,962,994,995,996",,,"117,529","117,399,400,529,961,962,994,995,996","117,529,961,962,994,995,996","117,399,400,529,961,962,994,995,996","961,962","117,399,400,529,961,962,994,995,996","117,399,400,529,961,962,994,995,996",,"117,399,400,529,961,962,994,995,996",
15,ふみん,0,"119,120,235,266,399,400,481,1036,1037,1074,1075","119,120,235,266,399,400,481,1036,1037,1074,1075","119,120,235,266,399,400,481,1036,1037,1074,1075","119,120,235,266,399,400,481,1036,1037,1074,1075",,,"199,200,203,204","119,120,199,200,203,204,235,266,399,400,481,1036,1037,1074,1075",,"119,120,199,200,203,204,235,266,399,400,481,1036,1037,1074,1075",,"119,120,199,200,203,204,235,266,399,400,481,1036,1037,1074,1075","119,120,199,200,203,204,235,266,399,400,481,1036,1037,1074,1075",,"119,120,199,200,203,204,235,266,399,400,481,1036,1037,1074,1075",481
108,よちむ,0,"119,120","119,120","119,120","119,120",,,,"119,120",,"119,120",,"119,120","119,120",,"119,120",
43,ぼうおん,0,"123,124,125,126,510,511","123,125,510,511","123,125,510,511","123,125,510,511","124,126","459,460","885,886,887","123,124,125,126,510,511,885,886,887",,"123,124,125,126,510,511,885,886,887","459,460,510,511","123,124,125,126,459,460,510,511,885,886,887","123,124,125,126,459,460,510,511,885,886,887",,"123,124,125,126,459,460,510,511,885,886,887",
106,ゆうばく,0,"123,124,125,126,476,477,485,486","123,125,476,477,485,486","123,125,476,477,485,486","123,125,476,477,485,486","124,126",,,"123,124,125,126,476,477,485,486","476,477","123,124,125,126,476,477,485,486",,"123,124,125,126,476,477,485,486","123,124,125,126,476,477,485,486",,"123,124,125,126,476,477,485,486",486
139,しゅうかく,0,"403,1048,1049,1050","403,1048,1049,1050","403,1048,1049,1050","403,1048,1049,1050",,"127,128,129","793,794","403,793,794,1048,1049,1050","793,794","403,793,794,1048,1049,1050","127,128,129","127,128,129,403,793,794,1048,1049,1050","127,128,129,403,793,794,1048,1049,1050",,"127,128,129,403,793,794,1048,1049,1050",
120,すてみ,0,"445,446,447,613","445,446,447,613","445,446,447,613","445,446,447,613",,"133,139,140,515,560","445,446,447,613,691,692","445,446,447,613,691,692",,"445,446,447,613,691,692","133,139,140,515,560","133,139,140,445,446,447,515,560,613,691,692","133,139,140,445,446,447,515,560,613,691,692",,"133,139,140,445,446,447,515,560,613,691,692",
84,かるわざ,0,"476,477,784,1020,1067,1068","476,477,784,1067,1068","476,477,784,1067,1068","476,477,784,1067,1068",,"133,293,294,295",,"476,477,784,1020,1067,1068","476,477","476,477,784,1020,1067,1068","133,293,294,295","133,293,294,295,476,477,784,1020,1067,1068","133,293,294,295,476,477,784,1020,1067,1068",,"133,293,294,295,476,477,784,1020,1067,1068",
51,するどいめ,0,"254,255,321,322,345,445,485,486,699,700,701,843,844,845,927,928,1085","254,321,322,345,445,485,486,699,700,843,844,845,927,928,1085","254,321,322,345,445,485,486,699,700,843,844,845,927,928,1085","254,321,322,345,445,485,486,699,700,843,844,845,927,928,1085",,"134,268,758,759,760,827,828,829","197,198,199,200,254,445,651,652,843,844,845,1085","197,198,199,200,254,255,321,322,345,445,485,486,651,652,699,700,701,843,844,845,927,928,1085",345,"197,198,199,200,254,255,321,322,345,445,485,486,651,652,699,700,701,843,844,845,927,928,1085","134,268,699,700,758,759,760,827,828,829","134,197,198,199,200,254,255,268,321,322,345,445,485,486,651,652,699,700,701,758,759,760,827,828,829,843,844,845,927,928,1085","134,197,198,199,200,254,255,268,321,322,345,445,485,486,651,652,699,700,701,758,759,760,827,828,829,843,844,845,927,928,1085",,"134,197,198,199,200,254,255,268,321,322,345,445,485,486,651,652,699,700,701,758,759,760,827,828,829,843,844,845,927,928,1085",486
89,てつのこぶし,0,"835,836,1040,1041,1042","835,836,1040,1041,1042","835,836,1040,1041,1042","835,836,1040,1041,1042",,"134,694,695","593,594,595","439,440,441,593,594,595,835,836,1040,1041,1042",,"439,440,441,593,594,595,835,836,1040,1041,1042","134,439,440,441,694,695,835,836","134,439,440,441,593,594,595,694,695,835,836,1040,1041,1042","134,439,440,441,593,594,595,694,695,835,836,1040,1041,1042",,"134,439,440,441,593,594,595,694,695,835,836,1040,1041,1042",
30,しぜんかいふく,0,"141,283,376,377,491,1040,1041,1042","141,283,376,377,491,1040,1041,1042","141,283,376,377,491,1040,1041,1042","141,283,376,377,491,1040,1041,1042",,866,"793,794","141,283,376,377,491,793,794,1040,1041,1042","793,794","141,283,376,377,491,793,794,1040,1041,1042","141,283,376,377,491,866","141,283,376,377,491,793,794,866,1040,1041,1042","141,283,376,377,491,793,794,866,1040,1041,1042",,"141,283,376,377,491,793,794,866,1040,1041,1042",
32,てんのめぐみ,0,"141,244,283,491,656,657,1108","141,244,283,491,656,657,1108","141,244,283,491,656,657,1108","141,244,283,491,656,657,1108",,,"244,1108","141,244,283,491,656,657,1108",,"141,244,283,491,656,657,1108","141,283,491,656,657","141,244,283,491,656,657,1108","141,244,283,491,656,657,1108",,"141,244,283,491,656,657,1108",
131,いやしのこころ,0,"141,283,665,963,964,965","141,283,665,963,964,965","141,283,665,963,964,965","141,283,665,963,964,965",,218,"963,964,965","141,283,665,963,964,965",,"141,283,665,963,964,965","141,218,283,665","141,218,283,665,963,964,965","141,218,283,665,963,964,965",,"141,218,283,665,963,964,965",965
97,スナイパー,0,"922,923,924",,,,,"144,145,271","203,204","203,204,922,923,924",,"203,204,922,923,924","144,145,271,922,923,924","144,145,203,204,271,922,923,924","144,145,203,204,271,922,923,924",,"144,145,203,204,271,922,923,924",
38,どくのトゲ,0,"249,250,773,774,1021,1106","249,773,774,1106","249,773,774,1106","249,773,774,1106","249,250",145,,"249,250,773,774,1021,1106",,"249,250,773,774,1021,1106","145,249","145,249,250,773,774,1021,1106","145,249,250,773,774,1021,1106",,"145,249,250,773,774,1021,1106",774
68,むしのしらせ,0,"152,251,253,451,709,710,1015,1038,1039","152,251,253,451,709,710,1038,1039","152,251,253,451,709,710,1038,1039","152,251,253,451,709,710,1038,1039",,"666,667","203,204,253,356,451,601,603,832","152,203,204,251,253,356,451,601,603,709,710,832,1015,1038,1039",,"152,203,204,251,253,356,451,601,603,709,710,832,1015,1038,1039","152,251,666,667,1015","152,203,204,251,253,356,451,601,603,666,667,709,710,832,1015,1038,1039","152,203,204,251,253,356,451,601,603,666,667,709,710,832,1015,1038,1039",,"152,203,204,251,253,356,451,601,603,666,667,709,710,832,1015,1038,1039",
80,ふくつのこころ,0,"152,498,499,526,843,844","152,498,499,526,843,844","152,498,499,526,843,844","152,498,499,526,843,844",,"277,278","498,499,526,843,844","152,498,499,526,843,844",,"152,498,499,526,843,844","152,277,278","152,277,278,498,499,526,843,844","152,277,278,498,499,526,843,844",,"152,277,278,498,499,526,843,844",499
49,ほのおのからだ,0,"180,543,709,710,743,744,944,945,1058","709,710,743,744,944,945,1058","709,710,743,744,944,945,1058","709,710,743,744,944,945,1058",,"155,281,518","258,259,678,679,680","180,258,259,543,678,679,680,709,710,743,744,944,945,1058","678,679,680","180,258,259,543,678,679,680,709,710,743,744,944,945,1058","155,281,518,743,744","155,180,258,259,281,518,543,678,679,680,709,710,743,744,944,945,1058","155,180,258,259,281,518,543,678,679,680,709,710,743,744,944,945,1058",,"155,258,259,281,518,678,679,680,709,710,743,744,944,945,1058",945
125,ちからずく,0,"157,158,159,160,339,340,417,699,700,701,720,987,988,1015,1098,1099","157,158,159,160,339,340,417,699,700,987,988,1098,1099","157,158,159,160,339,340,417,699,700,987,988,1098,1099","157,158,159,160,339,340,417,699,700,987,988,1098,1099",,"194,195,196,371,457,458,829","593,594,595","157,158,159,160,339,340,417,593,594,595,699,700,701,720,987,988,1015,1098,1099",,"157,158,159,160,339,340,417,593,594,595,699,700,701,720,987,988,1015,1098,1099","157,194,195,196,371,457,458,699,700,829,1015","157,158,159,160,194,195,196,339,340,371,417,457,458,593,594,595,699,700,701,720,829,987,988,1015,1098,1099","157,158,159,160,194,195,196,339,340,371,417,457,458,593,594,595,699,700,701,720,829,987,988,1015,1098,1099",,"157,158,159,160,194,195,196,339,340,371,417,457,458,593,594,595,699,700,701,829,987,988,1015,1098,1099",
153,じしんかじょう,0,"162,253,419,481,615,616,617,748,749,1030,1031,1032","162,253,419,481,615,616,617,748,749,1030,1031,1032","162,253,419,481,615,616,617,748,749,1030,1031,1032","162,253,419,481,615,616,617,748,749,1030,1031,1032",,"627,628","162,253,303","162,253,303,419,481,615,616,617,748,749,1030,1031,1032",,"162,253,303,419,481,615,616,617,748,749,1030,1031,1032","615,616,617,627,628,748,749","162,253,303,419,481,615,616,617,627,628,748,749,1030,1031,1032","162,253,303,419,481,615,616,617,627,628,748,749,1030,1031,1032",,"162,253,303,419,481,615,616,617,627,628,748,749,1030,1031,1032","481,617"
150,かわりもの,0,164,164,164,164,,,,164,,164,,164,164,,164,
91,てきおうりょく,0,"165,613,614,773,774,830,831,1018,1019","165,613,773,774,830,831","165,613,773,774,830,831","165,613,773,774,830,831",,525,"384,385,392,613,614,1018,1019","165,384,385,392,613,614,773,774,830,831,1018,1019","1018,1019","165,384,385,392,613,614,773,774,830,831,1018,1019",525,"165,384,385,392,525,613,614,773,774,830,831,1018,1019","165,384,385,392,525,613,614,773,774,830,831,1018,1019",,"165,384,385,392,525,613,614,773,774,830,831,1018,1019",774
107,きけんよち,0,"165,382,383,504,505,963,964,965,1078","165,382,383,504,505,963,964,965,1078","165,382,383,504,505,963,964,965,1078","165,382,383,504,505,963,964,965,1078",,,"382,383,963,964,965","165,382,383,504,505,963,964,965,1078",,"165,382,383,504,505,963,964,965,1078",,"165,382,383,504,505,963,964,965,1078","165,382,383,504,505,963,964,965,1078",,"165,382,383,504,505,963,964,965,1078","505,965"
10,ちくでん,0,"167,468,717,1041,1042,1063,1064","167,468,1041,1042,1063,1064","167,468,1041,1042,1063,1064","167,468,1041,1042,1063,1064",,"206,207,355",468,"167,468,717,1041,1042,1063,1064",,"167,468,717,1041,1042,1063,1064","206,207,355","167,206,207,355,468,717,1041,1042,1063,1064","167,206,207,355,468,717,1041,1042,1063,1064",,"167,206,207,355,468,1041,1042,1063,1064",
95,はやあし,0,"167,256,257,328","167,256,257,328","167,256,257,328","167,256,257,328",,248,"302,303","167,256,257,302,303,328",,"167,256,257,302,303,328",248,"167,248,256,257,302,303,328","167,248,256,257,302,303,328",,"167,248,256,257,302,303,328",
36,トレース,0,"323,324,325","323,324,325","323,324,325","323,324,325",,"169,274","323,324,325","323,324,325",,"323,324,325","169,274","169,274,323,324,325","169,274,323,324,325",,"169,274,323,324,325",
88,ダウンロード,0,,,,,,"169,274,525",,,,,"169,274,525","169,274,525","169,274,525",,"169,274,525",
17,めんえき,0,378,378,378,378,,,"175,245","175,245,378",,"175,245,378",378,"175,245,378","175,245,378",,"175,245,378",
46,プレッシャー,0,"176,178,180,467,493,512,696,697,929,1020,1110","467,493,512,696,697,929,1110","467,493,512,696,697,929,1110","467,493,512,696,697,929,1110",,"284,285,286,290,291,432,722","402,512,528,696,697,1110","176,178,180,402,467,493,512,528,696,697,929,1020,1110","493,528","176,178,180,402,467,493,512,528,696,697,929,1020,1110",,"176,178,180,284,285,286,402,467,493,512,528,696,697,929,1020,1110","176,178,180,185,284,285,286,290,291,402,467,493,512,528,539,540,541,542,545,696,697,722,929,1001,1020,1110","185,290,291,539,540,541,542,545,722,1001","402,467,493,512,528,696,697,929,1020,1110","696,1110"
201,ぎゃくじょう,0,181,,,,,,,181,,181,,181,181,,,
63,ふしぎなうろこ,0,"182,183","182,183","182,183","182,183",,,393,"182,183,393",,"182,183,393",,"182,183,393","182,183,393",,"182,183,393",
136,マルチスケイル,0,184,184,184,184,,290,,184,,184,,184,"184,290",290,184,
28,シンクロ,0,"233,234,323,324,325,984,985,1077,1077","233,234,323,324,325,984,985,1077,1077","233,234,323,324,325,984,985,1077,1077","233,234,323,324,325,984,985,1077,1077",,,"323,324,325,984,985","233,234,323,324,325,984,985,1077,1077",,"233,234,323,324,325,984,985,1077,1077","1077,1077","233,234,323,324,325,984,985,1077,1077","233,234,323,324,325,984,985,1077,1077",,"233,234,323,324,325,984,985,1077,1077",
102,リーフガード,0,"223,224,225,521,609,610,611,855,856,863,864,865","223,224,225,521,609,610,855,856,863,864,865","223,224,225,521,609,610,855,856,863,864,865","223,224,225,521,609,610,855,856,863,864,865",,"187,188,189","602,609,610,855,856","223,224,225,521,602,609,610,611,855,856,863,864,865",,"223,224,225,521,602,609,610,611,855,856,863,864,865","187,188,189","187,188,189,223,224,225,521,602,609,610,611,855,856,863,864,865","187,188,189,223,224,225,521,602,609,610,611,855,856,863,864,865",,"187,188,189,223,224,225,521,602,609,610,611,855,856,863,864,865",
35,はっこう,0,,,,,,"206,207",356,356,,356,"206,207","206,207,356","206,207,356",,"206,207,356",
57,プラス,0,"215,216,217,785,955","215,216,217,785,955","215,216,217,785,955","215,216,217,785,955",,354,,"215,216,217,785,955",,"215,216,217,785,955",354,"215,216,217,354,785,955","215,216,217,354,785,955",,"215,216,217,354,785,955",
37,ちからもち,0,"219,220,341","219,220,341","219,220,341","219,220,341",,,,"219,220,341",,"219,220,341",,"219,220,341","219,220,341",,"219,220,341",220
157,そうしょく,0,"219,220,241,275,341,656,657,753,754,787,788,789,790,791,1014,1107","219,220,241,275,341,656,657,753,754,787,788,790,1107","219,220,241,275,341,656,657,753,754,787,788,790,1107","219,220,241,275,341,656,657,753,754,787,788,790,1107",,"583,584","275,787,788,790,1014","219,220,241,275,341,656,657,753,754,787,788,789,790,791,1014,1107",,"219,220,241,275,341,656,657,753,754,787,788,789,790,791,1014,1107","241,583,584,656,657,1107","219,220,241,275,341,583,584,656,657,753,754,787,788,789,790,791,1014,1107","219,220,241,275,341,583,584,656,657,753,754,787,788,789,790,791,1014,1107",,"219,220,241,275,341,583,584,656,657,753,754,787,788,789,790,791,1014,1107",220
151,すりぬけ,0,"223,224,225,379,493,806,807,994,995,996,1069,1070","223,224,225,379,493,806,807,994,995,996,1069,1070","223,224,225,379,493,806,807,994,995,996,1069,1070","223,224,225,379,493,806,807,994,995,996,1069,1070",,"607,608,758,759,760,769,770","678,679,680,806,807","223,224,225,379,493,678,679,680,806,807,994,995,996,1069,1070","493,678,679,680,994,995,996,1069,1070","223,224,225,379,493,678,679,680,806,807,994,995,996,1069,1070","379,607,608,758,759,760,769,770","223,224,225,379,493,607,608,678,679,680,758,759,760,769,770,806,807,994,995,996,1069,1070","223,224,225,379,493,607,608,678,679,680,758,759,760,769,770,806,807,994,995,996,1069,1070",,"223,224,225,379,493,607,608,678,679,680,758,759,760,769,770,806,807,994,995,996,1069,1070",
3,かそく,0,"1078,1079","1078,1079","1078,1079","1078,1079",,"296,297,298","229,520","229,520,1078,1079",,"229,520,1078,1079","296,297,298","229,296,297,298,520,1078,1079","229,296,297,298,520,1078,1079",,"229,296,297,298,520,1078,1079",
156,マジックミラー,0,"233,963,964,965","233,963,964,965","233,963,964,965","233,963,964,965",,,"963,964,965","233,963,964,965",,"233,963,964,965",,"233,963,964,965","233,963,964,965",,"233,963,964,965",965
105,きょううん,0,"235,481","235,481","235,481","235,481",,,,"235,481",,"235,481",,"235,481","235,481",,"235,481",481
261,きみょうなくすり,0,237,,,,,,,237,,237,,237,237,,237,
52,かいりきバサミ,0,"835,836","835,836","835,836","835,836",,371,"245,384,385,523","245,384,385,523,835,836",,"245,384,385,523,835,836","371,835,836","245,371,384,385,523,835,836","245,371,384,385,523,835,836",,"245,371,384,385,523,835,836",
135,ライトメタル,0,251,251,251,251,,"420,421,422,993",,251,,251,"251,420,421,422,993","251,420,421,422,425,993","251,420,421,422,425,993",,"251,420,421,422,993",
124,わるいてぐせ,0,"254,255,512,966,967,968,1067,1080,1081,1082","254,512,966,967,968,1067,1080,1081,1082","254,512,966,967,968,1067,1080,1081,1082","254,512,966,967,968,1067,1080,1081,1082",,,"254,316,317,318,512,966,967,968","254,255,316,317,318,512,966,967,968,1067,1080,1081,1082",,"254,255,316,317,318,512,966,967,968,1067,1080,1081,1082",,"254,255,316,317,318,512,966,967,968,1067,1080,1081,1082","254,255,316,317,318,512,966,967,968,1067,1080,1081,1082",,"254,255,316,317,318,512,966,967,968,1067,1080,1081,1082",
118,みつあつめ,0,"256,466","256,466","256,466","256,466",,,"841,842","256,466,841,842",,"256,466,841,842",,"256,466,841,842","256,466,841,842",,"256,466,841,842",
40,マグマのよろい,0,366,366,366,366,,,"258,259","258,259,366",,"258,259,366",366,"258,259,366","258,259,366",,"258,259,366",
133,くだけるよろい,0,"961,962,1059,1060","961,962,1059,1060","961,962,1059,1060","961,962,1059,1060",,268,"258,259,702,703","258,259,702,703,961,962,1059,1060","961,962,1060","258,259,702,703,961,962,1059,1060","268,702,703,961,962","258,259,268,702,703,961,962,1059,1060","258,259,268,702,703,961,962,1059,1060",,"258,259,268,702,703,961,962,1059,1060",1059
55,はりきり,0,"266,466,611,699,706,707,947,1051","266,466,699,706,707,947,1051","266,466,699,706,707,947,1051","266,466,699,706,707,947,1051",,,947,"266,466,611,699,706,707,947,1051",,"266,466,611,699,706,707,947,1051",699,"266,466,611,699,706,707,947,1051","266,466,611,699,706,707,947,1051",,"266,466,611,699,706,707,947,1051",
141,ムラっけ,0,"407,408,1075","407,408,1075","407,408,1075","407,408,1075",,276,"407,408","407,408,1075",,"407,408,1075",276,"276,407,408,1075","276,407,408,1075",,"276,407,408,1075",
274,かぜのり,0,"1069,1070","1069,1070","1069,1070","1069,1070",,,"316,317,318","316,317,318,1069,1070","1069,1070","316,317,318,1069,1070",,"316,317,318,1069,1070","316,317,318,1069,1070",,"316,317,318,1069,1070",
140,テレパシー,0,"323,324,325,350,351,806,807,867,1077","323,324,325,350,351,806,807,867,1077","323,324,325,350,351,806,807,867,1077","323,324,325,350,351,806,807,867,1077",,,"323,324,325,806,807","323,324,325,350,351,806,807,867,1077",,"323,324,325,350,351,806,807,867,1077",1077,"323,324,325,350,351,806,807,867,1077","323,324,325,350,351,539,540,541,542,545,806,807,867,1077","539,540,541,542,545","323,324,325,350,351,806,807,867,1077",
90,ポイズンヒール,0,"328,329","328,329","328,329","328,329",,,523,"328,329,523",,"328,329,523",,"328,329,523","328,329,523",,"328,329,523",
54,なまけ,0,"330,332","330,332","330,332","330,332",,,,"330,332",,"330,332","330,332","330,332","330,332",,"330,332",
100,あとだし,0,345,345,345,345,,,,345,345,345,,345,345,,345,
74,ヨガパワー,0,"350,351","350,351","350,351","350,351",,,,"350,351",,"350,351",,"350,351","350,351",,"350,351",
58,マイナス,0,956,956,956,956,,355,,956,,956,355,"355,956","355,956",,"355,956",
86,たんじゅん,0,365,365,365,365,,,,365,,365,365,365,365,,365,
116,ハードロック,0,366,366,366,366,,515,,366,,366,"366,515","366,515","366,515",,"366,515",
73,しろいけむり,0,367,367,367,367,,,,367,,367,367,367,367,,367,367
137,どくぼうそう,0,378,378,378,378,,,,378,,378,378,378,378,,378,
76,エアロック,0,,,,,,,,,,,,,430,430,,
79,とうそうしん,0,"452,453,454,681,682,683,748,749","452,453,454,681,682,683,748,749","452,453,454,681,682,683,748,749","452,453,454,681,682,683,748,749",,,"452,453,454","452,453,454,681,682,683,748,749",,"452,453,454,681,682,683,748,749","681,682,683,748,749","452,453,454,681,682,683,748,749","452,453,454,681,682,683,748,749",,"452,453,454,681,682,683,748,749",
41,みずのベール,0,"469,470,507,508,1086,1086,1086,1101","469,470,507,508,1086,1086,1086,1101","469,470,507,508,1086,1086,1086,1101","469,470,507,508,1086,1086,1086,1101",,,,"469,470,507,508,1086,1086,1086,1101",,"469,470,507,508,1086,1086,1086,1101","507,508","469,470,507,508,1086,1086,1086,1101","469,470,507,508,1086,1086,1086,1101",,"469,470,507,508,1086,1086,1086,1101",
138,ねつぼうそう,0,"476,477","476,477","476,477","476,477",,,,"476,477","476,477","476,477",,"476,477","476,477",,"476,477",
85,たいねつ,0,"487,488,943,1142,1143","487,488,943","487,488,943","487,488,943",,,"487,488,1142,1143","487,488,943,1142,1143","1142,1143","487,488,943,1142,1143",,"487,488,943,1142,1143","487,488,943,1142,1143",,"487,488,943,1142,1143",
134,ヘヴィメタル,0,"487,488,987,988","487,488,987,988","487,488,987,988","487,488,987,988",,993,"487,488","487,488,987,988",,"487,488,987,988",993,"487,488,987,988,993","487,488,987,988,993",,"487,488,987,988,993",
24,さめはだ,0,"494,495,496","494,495,496","494,495,496","494,495,496",,,"494,495,496","494,495,496",,"494,495,496",,"494,495,496","494,495,496",,"494,495,496",
87,かんそうはだ,0,"504,505","504,505","504,505","504,505",,,,"504,505",,"504,505",,"504,505","504,505",,"504,505",505
78,でんきエンジン,0,,,,,,"517,583,584",,,,,"517,583,584","517,583,584","517,583,584",,"517,583,584",
292,きれあじ,0,"526,564,1015,1100","526,1100","526,1100","526,1100",,,526,"526,564,1015,1100",,"526,564,1015,1100",1015,"526,564,1015,1100","526,564,1015,1100",,"526,564,1015,1100",
112,スロースタート,0,1089,1089,1089,1089,,,,1089,,1089,,"544,1089","544,1089",,1089,
123,ナイトメア,0,,,,,,,,,,,,,,,,
121,マルチタイプ,0,,,,,,,,,,,,,,,,
126,あまのじゃく,0,"855,856,1022","855,856","855,856","855,856",,"555,556,557,769,770","855,856","855,856,1022",,"855,856,1022","555,556,557,769,770","555,556,557,769,770,855,856,1022","555,556,557,769,770,855,856,1022",,"555,556,557,769,770,855,856",
149,イリュージョン,0,"639,640,641,642","639,641","639,641","639,641",,,,"639,640,641,642","640,642","639,640,641,642",,"639,640,641,642","639,640,641,642",,"639,640,641,642",
145,はとむね,0,"742,927,928,1085","742,927,928,1085","742,927,928,1085","742,927,928,1085",,,"651,652,702,703,1085","651,652,702,703,742,927,928,1085",,"651,652,702,703,742,927,928,1085","702,703,742","651,652,702,703,742,927,928,1085","651,652,702,703,742,927,928,1085",,"651,652,702,703,742,927,928,1085",
103,ぶきよう,0,"954,1046,1074","954,1046,1074","954,1046,1074","954,1046,1074",,"694,695",,"954,1046,1074",,"954,1046,1074","694,695","694,695,954,1046,1074","694,695,954,1046,1074",,"694,695,954,1046,1074",
99,ノーガード,0,"845,1003",845,845,845,,"694,695",845,"845,1003",,"845,1003","694,695","694,695,845,1003","694,695,845,1003",,"694,695,845",
163,ターボブレイズ,0,,,,,,"718,724",,,,,,,"718,724","718,724",,
164,テラボルテージ,0,,,,,,"719,723",,,,,,,"719,723","719,723",,
171,ぼうだん,0,"730,731,732,946,1016",946,946,946,,,"885,886,887,946","730,731,732,885,886,887,946,1016",,"730,731,732,885,886,887,946,1016","730,731,732","730,731,732,885,886,887,946,1016","730,731,732,885,886,887,946,1016",,"730,731,732,885,886,887,946,1016",
170,マジシャン,0,"733,734,735,792",792,792,792,,,,"733,734,735,792",,"733,734,735,792","733,734,735","733,734,735,792","733,734,735,792",,"733,734,735,792",792
168,へんげんじざい,0,"736,737,738,1024,1025,1026","1024,1025,1026","1024,1025,1026","1024,1025,1026",,,,"736,737,738,1024,1025,1026",,"736,737,738,1024,1025,1026","736,737,738","736,737,738,1024,1025,1026","736,737,738,1024,1025,1026",,"736,737,738,1024,1025,1026",
177,はやてのつばさ,0,"742,743,744","742,743,744","742,743,744","742,743,744",,,,"742,743,744",,"742,743,744","742,743,744","742,743,744","742,743,744",,"742,743,744",
166,フラワーベール,0,"750,751,752","750,751,752","750,751,752","750,751,752",,866,,"750,751,752",,"750,751,752",866,"750,751,752,866","750,751,752,866",,"750,751,752,866",
180,きょうせい,0,"750,751,752,867","750,751,752,867","750,751,752,867","750,751,752,867",,,,"750,751,752,867",,"750,751,752,867",,"750,751,752,867","750,751,752,867",,"750,751,752,867",
179,くさのけがわ,0,"753,754","753,754","753,754","753,754",,,,"753,754",,"753,754",,"753,754","753,754",,"753,754",
21,きゅうばん,0,,,,,,"769,770",,,,,"769,770","769,770","769,770",,"769,770",
178,メガランチャー,0,"775,776","775,776","775,776","775,776",,,,"775,776",,"775,776",,"775,776","775,776",,"775,776",
182,フェアリースキン,0,783,783,783,783,,,,783,,783,,783,783,,783,
167,ほおぶくろ,0,"785,925,926,1044,1045","785,925,926,1044,1045","785,925,926,1044,1045","785,925,926,1044,1045",,,"925,926,1044,1045","785,925,926,1044,1045",,"785,925,926,1044,1045",,"785,925,926,1044,1045","785,925,926,1044,1045",,"785,925,926,1044,1045",
183,ぬめぬめ,0,"787,788,789,790,791,1083,1084","787,788,790,1083,1084","787,788,790,1083,1084","787,788,790,1083,1084",,,"787,788,790","787,788,789,790,791,1083,1084",,"787,788,789,790,791,1083,1084",,"787,788,789,790,791,1083,1084","787,788,789,790,791,1083,1084",,"787,788,789,790,791,1083,1084",
173,がんじょうあご,0,"805,830,831,882,939,940","830,831,882,939,940","830,831,882,939,940","830,831,882,939,940",,,"939,940","805,830,831,882,939,940",,"805,830,831,882,939,940",882,"805,830,831,882,939,940","805,830,831,882,939,940",,"805,830,831,882,939,940",
203,えんかく,0,"817,818,819",,,,,,,"817,818,819",819,"817,818,819","817,818,819","817,818,819","817,818,819",,"817,818,819",
113,きもったま,0,"820,1097",1097,1097,1097,,,,"820,1097",,"820,1097",,"820,1097","820,1097",,"820,1097",
204,うるおいボイス,0,,,,,,"824,825,826",,,,,"824,825,826","824,825,826","824,825,826",,"824,825,826",
198,はりこみ,0,"830,831,1036,1037,1065,1066","830,831,1036,1037,1065,1066","830,831,1036,1037,1065,1066","830,831,1036,1037,1065,1066",,,,"830,831,1036,1037,1065,1066",,"830,831,1036,1037,1065,1066",,"830,831,1036,1037,1065,1066","830,831,1036,1037,1065,1066",,"830,831,1036,1037,1065,1066",1066
217,バッテリー,0,,,,,,,833,833,,833,,833,833,,833,
216,おどりこ,0,"837,838,839,840","837,838,839,840","837,838,839,840","837,838,839,840",,,"837,838,839,840","837,838,839,840",840,"837,838,839,840","837,838,839,840","837,838,839,840","837,838,839,840",,"837,838,839,840",
175,スイートベール,0,"863,864,865","863,864,865","863,864,865","863,864,865",,"975,976","841,842","841,842,863,864,865",,"841,842,863,864,865","975,976","841,842,863,864,865,975,976","841,842,863,864,865,975,976",,"841,842,863,864,865,975,976",
196,ひとでなし,0,"849,850","849,850","849,850","849,850",,,,"849,850",,"849,850",,"849,850","849,850",,"849,850",850
192,じきゅうりょく,0,"851,852","851,852","851,852","851,852",,1151,"851,852","851,852",,"851,852",1151,"851,852,1151","851,852,1151",,"851,852,1151",
199,すいほう,0,,,,,,"853,854",,,,,"853,854","853,854","853,854",,"853,854",
212,ふしょく,0,"859,860","859,860","859,860","859,860",,,"859,860","859,860",,"859,860",,"859,860","859,860",,"859,860",
214,じょおうのいげん,0,865,865,865,865,,,,865,,865,,865,865,,865,
205,ヒーリングシフト,0,,,,,,866,,,,,866,866,866,,866,
222,レシーバー,0,868,868,868,868,,,,868,,868,,868,868,,868,868
195,みずがため,0,"871,872","871,872","871,872","871,872",,,,"871,872","871,872","871,872",,"871,872","871,872",,"871,872",
197,リミットシールド,0,,,,,,877,,,,,877,877,877,,877,
213,ぜったいねむり,0,878,878,878,878,,,,878,,878,,878,878,,878,
209,ばけのかわ,0,881,881,881,881,,,881,881,881,881,,881,881,,881,
219,ビビッドボディ,0,882,882,882,882,,,,882,,882,882,882,882,,882,
230,メタルプロテクト,0,,,,,,894,,,,,,,894,894,,
231,ファントムガード,0,,,,,,895,,,,,,,895,895,,
232,プリズムアーマー,0,,,,,,"903,904,905",,,,,,,"903,904,905","903,904,905",,
220,ソウルハート,0,,,,,,,,,,,,,,,,
236,リベロ,0,"919,920,921",,,,,,,"919,920,921",,"919,920,921","919,920,921","919,920,921","919,920,921",,"919,920,921",
240,ミラーアーマー,0,929,929,929,929,,,,929,,929,,929,929,,929,
243,じょうききかん,0,"943,944,945","943,944,945","943,944,945","943,944,945",,,,"943,944,945",,"943,944,945",,"943,944,945","943,944,945",,"943,944,945",945
247,じゅくせい,0,"946,947,948","946,947,948","946,947,948","946,947,948",,,"946,947,948","946,947,948",,"946,947,948",,"946,947,948","946,947,948",,"946,947,948",
245,すなはき,0,"949,950","949,950","949,950","949,950",,,,"949,950",,"949,950",,"949,950","949,950",,"949,950",
241,うのミサイル,0,,,,,,,951,951,,951,,951,951,,951,
239,スクリューおびれ,0,"952,953","952,953","952,953","952,953",,,"952,953","952,953",,"952,953",,"952,953","952,953",,"952,953",
244,パンクロック,0,"955,956","955,956","955,956","955,956",,,,"955,956",,"955,956",,"955,956","955,956",,"955,956",
4,カブトアーマー,0,"970,977",977,977,977,,,,"970,977",,"970,977",,"970,977","970,977",,"970,977",
252,はがねのせいしん,0,970,,,,,,,970,,970,,970,970,,970,
165,アロマベール,0,"1033,1035,1047","1033,1035,1047","1033,1035,1047","1033,1035,1047",,"975,976",,"1033,1035,1047",,"1033,1035,1047","975,976","975,976,1033,1035,1047","975,976,1033,1035,1047",,"975,976,1033,1035,1047",1047
246,こおりのりんぷん,0,"979,980","979,980","979,980","979,980",,,,"979,980",,"979,980",,"979,980","979,980",,"979,980",
249,パワースポット,0,981,981,981,981,,,,981,,981,,981,981,,981,
248,アイスフェイス,0,982,982,982,982,,,,982,,982,,982,982,,982,
258,はらぺこスイッチ,0,,,,,,,986,986,,986,,986,986,,986,
242,すじがねいり,0,,,,,,"993,1151",,,,,"993,1151","993,1151","993,1151",,"993,1151",
234,ふとうのけん,0,,,,,,,,,,,,,"997,998","997,998",,
235,ふくつのたて,0,,,,,,,,,,,,,"999,1000","999,1000",,
260,ふかしのこぶし,0,"1004,1005",,,,,,,"1004,1005",,"1004,1005",,"1004,1005","1004,1005",,,
262,トランジスタ,0,1007,,,,,,,1007,,1007,,1007,1007,,,
263,りゅうのあぎと,0,1008,,,,,,,1008,,1008,,1008,1008,,,
264,しろのいななき,0,1009,,,,,,,1009,,1009,,1009,1009,,,
265,くろのいななき,0,1010,,,,,,,1010,1010,1010,,1010,1010,,,
267,じんばいったい,0,,,,,,,,,,,,,"1012,1013","1012,1013",,
300,しんがん,0,,,,,,,1017,1017,,1017,,1017,1017,,1017,
268,とれないにおい,0,1034,1034,1034,1034,,,,1034,,1034,,1034,1034,,1034,
273,こんがりボディ,0,"1047,1047","1047,1047","1047,1047","1047,1047",,,,"1047,1047",,"1047,1047",,"1047,1047","1047,1047",,"1047,1047","1047,1047"
269,こぼれダネ,0,1050,1050,1050,1050,,,,1050,,1050,,1050,1050,,1050,
272,きよめのしお,0,"1055,1056,1057","1055,1056,1057","1055,1056,1057","1055,1056,1057",,,,"1055,1056,1057",,"1055,1056,1057",,"1055,1056,1057","1055,1056,1057",,"1055,1056,1057",
280,でんきにかえる,0,1062,1062,1062,1062,,,,1062,,1062,,1062,1062,,1062,
277,ふうりょくでんき,0,"1063,1064","1063,1064","1063,1064","1063,1064",,,,"1063,1064",,"1063,1064",,"1063,1064","1063,1064",,"1063,1064",
275,ばんけん,0,"1066,1144",1066,1066,1066,,,1144,"1066,1144",,"1066,1144",,"1066,1144","1066,1144",,1066,1066
298,きんしのちから,0,"1071,1072","1071,1072","1071,1072","1071,1072",,,"1071,1072","1071,1072",,"1071,1072",,"1071,1072","1071,1072",,"1071,1072",
271,いかりのこうら,0,1073,1073,1073,1073,,,,1073,,1073,,1073,1073,,1073,
290,びんじょう,0,1079,1079,1079,1079,,,,1079,,1079,,1079,1079,,1079,
276,いわはこび,0,1085,1085,1085,1085,,,1085,1085,,1085,,1085,1085,,1085,
278,マイティチェンジ,0,1088,1088,1088,1088,,,,1088,,1088,,1088,1088,,1088,
111,フィルター,0,1090,1090,1090,1090,,,,1090,,1090,,1090,1090,,1090,1090
297,どしょく,0,1092,1092,1092,1092,,,1092,1092,,1092,,1092,1092,,1092,
295,どくげしょう,0,"1093,1094","1093,1094","1093,1094","1093,1094",,,"1093,1094","1093,1094",,"1093,1094",,"1093,1094","1093,1094",,"1093,1094",
218,もふもふ,0,"1095,1096","1095,1096","1095,1096","1095,1096",,,,"1095,1096","1095,1096","1095,1096",,"1095,1096","1095,1096",,"1095,1096",
294,きょうえん,0,1097,1097,1097,1097,,,,1097,,1097,,1097,1097,,1097,
279,しれいとう,0,"1102,1103,1104","1102,1103,1104","1102,1103,1104","1102,1103,1104",,,,"1102,1103,1104",,"1102,1103,1104",,"1102,1103,1104","1102,1103,1104",,"1102,1103,1104",
291,はんすう,0,1107,1107,1107,1107,,,,1107,,1107,1107,1107,1107,,1107,
296,テイルアーマー,0,1107,1107,1107,1107,,,,1107,,1107,1107,1107,1107,,1107,
293,そうだいしょう,0,1110,1110,1110,1110,,,1110,1110,,1110,,1110,1110,,1110,1110
281,こだいかっせい,0,"1111,1112,1113,1114,1115,1116,1133","1111,1112,1113,1114,1115,1116,1133","1111,1112,1113,1114,1115,1116,1133",1133,,"1153,1154",,"1111,1112,1113,1114,1115,1116,1133",1114,"1111,1112,1113,1114,1115,1116,1133","1153,1154","1111,1112,1113,1114,1115,1116,1133,1139,1153,1154","1111,1112,1113,1114,1115,1116,1133,1139,1153,1154",,,
282,クォークチャージ,0,"1117,1118,1119,1120,1121,1122,1134","1117,1118,1119,1120,1121,1122,1134","1117,1118,1119,1120,1121,1122,1134",1134,,"1155,1156",,"1117,1118,1119,1120,1121,1122,1134",,"1117,1118,1119,1120,1121,1122,1134","1155,1156","1117,1118,1119,1120,1121,1122,1134,1155,1156","1117,1118,1119,1120,1121,1122,1134,1155,1156",,,
270,ねつこうかん,0,"1123,1124,1125","1123,1124,1125","1123,1124,1125","1123,1124,1125",,,,"1123,1124,1125",,"1123,1124,1125",,"1123,1124,1125","1123,1124,1125",,"1123,1124,1125",
283,おうごんのからだ,0,1128,1128,1128,1128,,,,1128,1128,1128,,1128,1128,,1128,
286,わざわいのおふだ,0,1129,1129,,,,,,1129,,1129,,1129,1129,,,
285,わざわいのつるぎ,0,1130,1130,,,,,,1130,,1130,,1130,1130,,,
284,わざわいのうつわ,0,1131,1131,,,,,,1131,,1131,,1131,1131,,,
287,わざわいのたま,0,1132,1132,,,,,,1132,,1132,,1132,1132,,,
288,ひひいろのこどう,0,,,,,,,,,,1135,,,1135,1135,,
289,ハドロンエンジン,0,,,,,,,,,,1137,,1140,"1137,1140",1137,,
306,かんろなミツ,0,1141,,,,,1152,1141,1141,,1141,1152,"1141,1152","1141,1152",,"1141,1152",
299,おもてなし,0,"1142,1143",,,,,,"1142,1143","1142,1143","1142,1143","1142,1143",,"1142,1143","1142,1143",,"1142,1143",
305,どくのくさり,0,"1144,1145,1146",,,,,,"1144,1145,1146","1144,1145,1146",,"1144,1145,1146",,"1144,1145,1146","1144,1145,1146",,,
,テラスチェンジ,0,,,,,,1157,,,,,1157,,1157,1157,,
,テラスシェル,0,,,,,,1158,,,,,1158,,1158,1158,,
,ゼロフォーミング,0,,,,,,1159,,,,,1159,,1159,1159,,
,どくくぐつ,0,,,,,,1160,,,,,1160,,,,,